<?xml version="1.0" encoding="UTF-8"?>
<project version="4">
  <component name="ChangeListManager">
    <list default="true" id="eab9c4f1-3c5f-4f30-b6e1-155ee7833d8f" name="Default Changelist" comment="" />
    <option name="EXCLUDED_CONVERTED_TO_IGNORED" value="true" />
    <option name="SHOW_DIALOG" value="false" />
    <option name="HIGHLIGHT_CONFLICTS" value="true" />
    <option name="HIGHLIGHT_NON_ACTIVE_CHANGELIST" value="false" />
    <option name="LAST_RESOLUTION" value="IGNORE" />
  </component>
  <component name="ComposerSettings">
    <execution>
      <executable />
    </execution>
  </component>
  <component name="Git.Settings">
    <option name="RECENT_GIT_ROOT_PATH" value="$PROJECT_DIR$" />
  </component>
  <component name="PhpServers">
    <servers>
      <server host="localhost" id="572243fe-121a-4720-a277-85289eab6797" name="localhost" />
    </servers>
  </component>
  <component name="ProjectId" id="1YQ9CyK5re44q0i0JXwUKGVSP5b" />
  <component name="PropertiesComponent">
    <property name="WebServerToolWindowFactoryState" value="false" />
  </component>
  <component name="RunDashboard">
    <option name="ruleStates">
      <list>
        <RuleState>
          <option name="name" value="ConfigurationTypeDashboardGroupingRule" />
        </RuleState>
        <RuleState>
          <option name="name" value="StatusDashboardGroupingRule" />
        </RuleState>
      </list>
    </option>
  </component>
  <component name="SvnConfiguration">
    <configuration />
  </component>
  <component name="TaskManager">
    <task active="true" id="Default" summary="Default task">
      <changelist id="eab9c4f1-3c5f-4f30-b6e1-155ee7833d8f" name="Default Changelist" comment="" />
      <created>1582863827501</created>
      <option name="number" value="Default" />
      <option name="presentableId" value="Default" />
      <updated>1582863827501</updated>
      <workItem from="1582863828876" duration="204000" />
      <workItem from="1582864898223" duration="74000" />
      <workItem from="1582865192803" duration="681000" />
      <workItem from="1582953146512" duration="242000" />
      <workItem from="1582953424631" duration="119000" />
      <workItem from="1582953571727" duration="7539000" />
    </task>
    <task id="LOCAL-00001" summary="Műfaj kiválasztása és szerző alapján szűrés kész.">
      <created>1582961035121</created>
      <option name="number" value="00001" />
      <option name="presentableId" value="LOCAL-00001" />
      <option name="project" value="LOCAL" />
      <updated>1582961035121</updated>
    </task>
    <task id="LOCAL-00002" summary="Műfaj kiválasztása és szerző alapján szűrés kész.">
      <created>1582961108724</created>
      <option name="number" value="00002" />
      <option name="presentableId" value="LOCAL-00002" />
      <option name="project" value="LOCAL" />
      <updated>1582961108724</updated>
    </task>
    <option name="localTasksCounter" value="3" />
    <servers />
  </component>
  <component name="TypeScriptGeneratedFilesManager">
    <option name="version" value="1" />
  </component>
  <component name="Vcs.Log.Tabs.Properties">
    <option name="TAB_STATES">
      <map>
        <entry key="MAIN">
          <value>
            <State>
              <option name="COLUMN_ORDER" />
            </State>
          </value>
        </entry>
      </map>
    </option>
  </component>
  <component name="VcsManagerConfiguration">
    <option name="CHECK_CODE_SMELLS_BEFORE_PROJECT_COMMIT" value="false" />
    <option name="CHECK_NEW_TODO" value="false" />
    <MESSAGE value="Műfaj kiválasztása és szerző alapján szűrés kész." />
    <option name="LAST_COMMIT_MESSAGE" value="Műfaj kiválasztása és szerző alapján szűrés kész." />
  </component>
</project>